0,description,topic,tech
MariaDB,The fastest growing Open Source Database,"['Database Engines', 'SQL Features']","['python', 'javascript', 'c/c++', 'perl', 'databases']"
Haiku,Operating system that targets personal computing.,"['desktop', 'kernel']","['c++', 'posix', 'unix']"
Inkscape,Draw freely!,"['web', 'graphics', 'design']","['python', 'c++', 'svg']"
Intel Video and Audio for Linux,We enable Linux Audio and Video for Intel,"['media', 'imaging', 'Codec']","['c/c++', 'opengl', 'Codec', 'Media', 'Imaging']"
checkstyle,Helps to adheres of Java coding standard,"['static code analysis\u200e', 'code review tool', 'coding standards', 'coding conventions']","['java', 'antlr']"
GNU Image Manipulation Program,GIMP is a cross-platform image editor,"['graphics', 'design', 'photography', 'illustration']","['c', 'GEGL']"
GitLab,Everyone can contribute,"['cloud', 'devops']","['javascript', 'ruby on rails', 'go', 'ruby', 'vue']"
PowerDNS,PowerDNS provides open source DNS software,"['DNS recursive solutions', 'Authoritative DNS software']","['c++', 'DNS']"
CERN-HSF,Umbrella for Particle Physics-related projects,"['machine learning', 'big data', 'algorithmics', 'particle physics', 'Performance Optimisation']","['python', 'c/c++', 'data analysis', 'artificial intelligence', 'container orchestration']"
Wellcome Sanger Tree of Life,Genome analysis across the whole tree of life,"['genomics', 'bioinformatics', 'data analysis', 'genome assembly']","['python', 'javascript', 'rust', 'nextflow']"
Kodi,The ultimate entertainment center,"['games', 'audio', 'video', 'media', 'tv']","['python', 'opengl', 'c++', 'ffmpeg', 'sqlite']"
JabRef e.V.,Open Source bibliography manager,"['science', 'library', 'literature', 'latex']","['java', 'javafx', 'bibtex']"
Machine Learning for Science (ML4SCI),Machine learning applications in science,"['machine learning', 'science and medicine', 'algorithms', 'physics', 'astronomy']","['python', 'machine learning', 'c++', 'data analysis', 'artificial intelligence']"
Open Technologies Alliance - GFOSS,Promote Open Standards and Open Source,"['web', 'robotics', 'open hardware', 'c++', 'nodered']","['javascript', 'c/c++', 'nodejs', 'python 3', 'Machine Learning (ML)']"
OpenCV,++ beneficial uses of computer vision in society,"['robotics', 'computer vision', 'ai', 'deep learning']","['python', 'c++', 'deep learning', 'ai']"
DBpedia,Global and Unified Access to Knowledge Graphs.,"['natural language processing', 'semantic web', 'linked data', 'knowledge graph', 'data extraction']","['python', 'javascript', 'java', 'scala', 'rdf']"
Forschungszentrum Jülich,Shaping change: open source for Big Science,"['neuroscience', 'data analytics', 'astrophysics', 'data-intensive science', 'earth-system monitoring']","['python', 'mpi', 'high performance computing', 'pytorch', 'gpu']"
Metasploit,World’s most used penetration testing framework,"['security', 'penetration testing', 'offensive security', 'exploitation']","['c', 'python', 'postgresql', 'ruby', 'assembly']"
TianoCore,"Modern, open source, UEFI BIOS firmware","['firmware', 'uefi', 'edk2', 'acpi', 'BIOS']","['c', 'python', 'rust', 'golang', 'uefi']"
Open Food Facts,Better food choices for your health & the planet,"['open data', 'health', 'environment', 'mobile', 'food']","['python', 'machine learning', 'perl', 'tensorflow', 'flutter']"
Internet Health Report,Monitoring the Internet,"['networking', 'routing', 'communication', 'internet', 'data analytics']","['python', 'javascript', 'apache kafka', 'VueJS']"
Kart Project,Distributed version-control for geospatial data,"['version control', 'gis', 'data', 'point clouds', 'spatial']","['python', 'c++', 'git', 'gis']"
OpenVINO Toolkit,Make AI inference faster and easier to deploy!,"['deep learning', 'Neural networks', 'Edge AI', 'DL-inference']","['python', 'c++', 'x86']"
XWiki,The Advanced Open Source Enterprise Wiki,"['web development', 'wiki', 'platform', 'web applications', 'structured data']","['javascript', 'java', 'html5', 'css3', 'velocity']"
GRAME,Domain specific language for audio,"['audio', 'compiler', 'digital signal processing', 'function programming language']","['c', 'python', 'javascript', 'c++', 'typescript']"
Godot Engine,Multi-platform 2D and 3D game engine,"['graphics', 'cross-platform', 'game engine', 'game development', 'programming']","['opengl', 'c++', 'vulkan', 'webassembly']"
Global Alliance for Genomics and Health,We develop genomics tools to benefit human health,"['web', 'genomics', 'bioinformatics', 'genetics', 'standards']","['python', 'postgresql', 'java', 'react', 'rust']"
Unikraft,Unikraft is a fast and secure unikernel SDK,"['virtualization', 'cloud', 'software reuse', 'software configurability']","['c', 'python', 'xen', 'kvm', 'assembly language']"
MIT App Inventor,Anyone can build apps with global impact.,"['education', 'development tools', 'android']","['javascript', 'java', 'gwt']"
Fortran-lang,High-performance parallel programming language,"['compilers', 'programming languages', 'build systems', 'libraries', 'Fortran']","['python', 'c++', 'fortran']"
libcamera,Provide an open source camera stack for linux,"['camera', 'image prcessing']","['c/c++', 'linux kernel', 'qt5', 'gstreamer', 'v4l2']"
OpenAFS,An opensource distributed filesystem product.,"['testing', 'network', 'storage', 'filesystems']","['c', 'python', 'git', 'ansible', 'filesystems']"
IOOS,"Our eyes on the ocean, coasts, and Great Lakes","['open data', 'data science']","['python', 'ocean science']"
MetaCall,Simplifying the embedding of programming languages,"['cloud', 'polyglot', 'faas', 'languages', 'ffi']","['python', 'c++', 'rust', 'nodejs', 'docker']"
JBoss Community,Community of projects around JBoss Middleware,"['iot', 'cloud', 'microservices', 'kubernetes']","['java', 'rust', 'golang']"
SeaQL,Building data intensive applications in Rust,"['database', 'library', 'framework', 'sql', 'rust']","['mysql', 'postgresql', 'rust', 'sql', 'sqlite']"
Open3D team,A Modern Library for 3D Data Processing,"['3D machine learning', '3D data processing', '3D visualization', 'physically based rendering']","['python', 'c++', 'cuda', 'tensorflow', 'pytorch']"
SPDX,An open ISO standard for SBOMs,"['compliance', 'licensing', 'data', 'vulnerabilities']","['python', 'java', 'json', 'go', 'rdf']"
SCoRe Lab,SCoRe Lab develops FOSS softwares for everyone!!!,"['security', 'web', 'machine learning', 'cloud']","['python', 'java', 'go', 'nodejs', 'reactjs']"
GNU Octave,Free Your Numbers,"['mathematics', 'scientific computing', 'numerical computation', 'numerical methods', 'matlab']","['c++', 'hg']"
XMPP Standards Foundation,XSF develops an open-standard messaging protocol,"['instant messaging', 'chat', 'WebRTC', 'Jingle', 'Real-Time Communication']","['javascript', 'java', 'go', 'vala', 'xmpp']"
Mayor's Office of New Urban Mechanics,Exploring new approaches to civic life.,"['web', 'machine learning', 'gis', 'civic tech', 'analytics']","['python', 'javascript', 'ruby', 'tensorflow']"
Free and Open Source Silicon Foundation,Working together for Free and Open Source Silicon,"['hardware', 'debug', 'web services', 'simulation', 'electronic design tools']","['verilog', 'risc-v', 'compiler', 'web development']"
LibreCube Initiative,Open Source Space and Earth Exploration,"['space', 'cubesat', 'mission control', 'Communication Protocols']","['python', 'mongodb', 'rest', 'micropython', 'zmq']"
The Mifos Initiative,End Poverty One Line of Code at a Time,"['cloud', 'ai', 'fintech', 'financial inclusion', 'mobile banking']","['android', 'java', 'kotlin', 'spring', 'angular']"
The FreeBSD Project,FreeBSD: An OS for servers to embedded systems,"['virtualization', 'operating system', 'Embedded System']","['c', 'llvm', 'assembly', 'make', 'POSIX shell']"
ScummVM,Adventure and RPG preservation project,"['games', 'game engines', 'software preservation', 'software archeology']","['opengl', 'lua', 'c++', 'assembly', 'sdl']"
GeomScale,Scalable geometric and statistical software,"['mathematics', 'data science', 'computational biology', 'computational geometry', 'statistics']","['python', 'c++', 'r', 'jupyter', 'github-actions']"
Jenkins,"Jenkins, build great things at any scale","['developer tools', 'automation', 'continuous integration', 'continuous delivery', 'devops']","['javascript', 'java', 'go', 'docker', 'kubernetes']"
TensorFlow,TensorFlow is a ML framework for everyone.,"['education', 'research', 'machine learning']","['machine learning', 'tensorflow', 'ai', 'Jax', 'keras']"
Sugar Labs,Learning software for children,"['education', 'games', 'desktop']","['python', 'gtk', 'typescript', 'javascipt']"
Chromium,"Fast, seamless, safe, and reliable web for all","['web', 'browser', 'operating-system']","['python', 'javascript', 'java', 'c++', 'git']"
Robolectric,Fast unit testing runtime for Android,"['testing', 'mobile']","['android', 'java', 'jvm', 'asm']"
RoboComp,Open-source framework to develop robot components,"['robotics', 'computer vision', 'component-based development', 'Multi-agent Systems']","['python', 'opencv', 'c++', 'qt', 'pytorch']"
Joomla!,The flexible platform empowering website creators.,"['web', 'programming languages', 'web development', 'web applications', 'cms']","['mysql', 'javascript', 'html', 'php', 'css']"
GNOME Foundation,A diverse and sustainable free software desktop.,"['operating systems', 'desktop', 'graphics', 'open source', 'apps']","['c', 'linux', 'rust', 'gtk', 'Flatpak']"
Swift,"Fast, safe, and expressive programming language","['compilers', 'cross-platform', 'Packages', 'Server development', 'Standard Libraries']","['c++', 'cmake', 'swift']"
FFmpeg,"Record, convert and stream audio & video","['audio', 'video', 'subtitles', 'multimedia']","['c', 'git', 'asm']"
The Julia Language,A fresh approach to technical computing,"['math', 'machine learning', 'science', 'data science', 'graphs']","['machine learning', 'julia', 'data science', 'gui', 'models']"
AboutCode,"Scan code for origin, license and vulnerabilities","['dependencies', 'vulnerabilities', 'SoftwareCompositionAnalysis', 'License', 'SBOM']","['python', 'javascript', 'Django+PostgreSQL', 'C/Rust/Go']"
Flashrom,"Reading, writing, verifying, erasing flash chips","['hardware', 'drivers', 'firmware', 'flash chips', 'low level programming']","['c', 'x86', 'bios', 'rom', 'spi']"
MDAnalysis,Analysis of molecular simulations data with Python,"['science', 'computational-chemistry', 'high-performance-computing', 'molecular-simulation', 'soft-matter-physics']","['python', 'cython', 'c/c++']"
The Tor Project,Defend yourself against tracking and surveillance.,"['security', 'privacy', 'anti-censorship', 'Human Rights', 'Surveillance']","['c', 'python', 'rust']"
Submitty,Homework Autograding and Course Management Tools,"['education', 'visualization', 'web', 'privacy/security', 'communication']","['python', 'postgresql', 'javascript', 'c++', 'php']"
Rizin,Rizin reverse engineering framework and toolset,"['reverse engineering', 'computer security', 'debugging', 'emulation', 'disassembly']","['c', 'python', 'c++', 'qt']"
OpenStreetMap,Create and distribute free geodata for the world,"['databases', 'routing', 'gis', 'ui', 'geocoding']","['python', 'javascript', 'java', 'c++', 'sql']"
OWASP Foundation,No more insecure software.,"['web', 'cloud', 'application security', 'cybersecurity', 'DevSecOps']","['python', 'javascript', 'java', 'ZAP', 'Juice Shop']"
FreeType,FreeType is a software library to render fonts.,"['library', 'rendering', 'fonts', 'opentype', 'truetype']","['c', 'autotools', 'meson']"
MoveIt,Moving robots into the future,"['robotics', 'motion planning', 'trajectory generation', 'kinematics']","['ros', 'c++']"
Open Bioinformatics Foundation (OBF),Open Source & Open Science in biological research,"['open science', 'genomics', 'bioinformatics', 'workflows', 'Open Source Bioinformatics']","['python', 'javascript', 'c++', 'html/css', 'Git/GitHub']"
Processing Foundation,To empower all people to learn to program,"['education', 'web', 'graphics', 'creative coding', 'design']","['python', 'javascript', 'android', 'java', 'opengl']"
Dart,Dart is a client language for apps on any platform,"['programming languages', 'mobile apps']","['flutter', 'dart']"
Audacity,"Free, open source, cross-platform audio software","['audio', 'editing', 'compression', 'Sound', 'Effects']","['c++', 'qt', 'cmake', 'wxwidgets', 'VST']"
CCExtractor Development,"TV, rust, flutter, linux and C.","['video', 'subtitles', 'mobile', 'peer to peer']","['c', 'linux', 'rust', 'flutter']"
Jitsi,State-of-the-art video conferencing,"['video conferencing', 'WebRTC']","['javascript', 'java', 'react', 'webrtc', 'react native']"
omegaUp,Open CS Education as a catalyst for social change,"['education', 'web', 'cloud', 'edtech', 'UX/UI']","['python', 'mysql', 'php', 'typescript', 'vue.js']"
Wagtail,The powerful Python CMS for modern websites,"['web', 'accessibility', 'cms']","['python', 'javascript', 'django']"
The JPF team,JPF is a special JVM for software verification,"['model checking', 'symbolic execution', 'verification of concurrent systems', 'program analysis', 'test input generation']","['android', 'java', 'distributed systems', 'jvm']"
MuseScore,The World’s Most Popular Music Notation Software,"['music', 'midi', 'musicxml', 'sheet music', 'music notation']","['c++', 'qt', 'qml', 'cmake']"
Blender Foundation,The Freedom to Create,"['games', 'graphics', '3d', 'rendering', 'animation']","['c', 'python', 'opengl', 'c++', 'vulkan']"
Homebrew,The Missing Package Manager for macOS (or Linux),"['linux', 'package manager', 'macos']","['linux', 'ruby', 'macos']"
KDE Community,International team developing Open Source software,"['education', 'science', 'applications', 'desktop environment']","['c++', 'qt', 'qml', 'data structures']"
X.Org Foundation,"X Window System and related projects (Mesa, DRI, Wayland, etc.)","['graphics', 'drivers']","['opengl', 'vulkan', 'x11', 'wayland', 'DRM']"
NumFOCUS,NumFOCUS promotes open source scientific software.,"['data science', 'graphics', 'scientific computing', 'numerical computation']","['python', 'c++', 'r', 'julia']"
Joplin,The open source note taking application,"['database', 'search', 'synchronisation', 'note-taking', 'office']","['javascript', 'react', 'typescript', 'electron', 'React-Native']"
LLVM Compiler Infrastructure,LLVM Compiler Infrastructure,"['compilers', 'development tools', 'libraries']","['llvm', 'c++', 'clang', 'mlir']"
Polypheny,The distributed and self-adaptive polystore,"['database', 'big data', 'cloud', 'polystore', 'nosql']","['javascript', 'java', 'sql', 'angular']"
National Resource for Network Biology (NRNB),Developing open source tools for network biology,"['web application', 'data science', 'graphics', 'scientific computing', 'network biology']","['python', 'javascript', 'java', 'xml', 'r']"
CGAL Project,C++ library of computational geometry,"['geometry', 'mesh processing', 'computation geometry', 'geometry processing']","['c++', 'qt']"
BeagleBoard.org,Open hardware computing for educators and makers,"['robotics', 'iot', 'ai', 'software defined radio', 'Personal Server']","['linux', 'fpga', 'risc-v', 'dsp', 'Zephyr RTOS']"
Git,"Fast,Scalable,Distributed revision control system","['version control', 'dvcs']","['shell script', 'git', 'c language']"
strace,Linux syscall tracer,"['debugging', 'tracing', 'diagnostic']","['c', 'shell', 'make', 'autotools', 'gawk']"
libssh,The SSH library,"['security', 'cryptography']","['c', 'ssh']"
Micro Electronics Research Lab - UITU,Accelerating Engineering Innovation,"['iot', 'embedded', 'Processor', 'System on Chip', 'RISC-V']","['RISCV', 'Processor', 'Hardware', 'systemonchip', 'memory']"
Wikimedia Foundation,Brings free educational content to the world,"['semantic web', 'wikipedia', 'wikimedia', 'mediawiki', 'i18n']","['python', 'javascript', 'html', 'php', 'css']"
Zulip,Modern team chat app designed for efficiency.,"['mobile', 'great developer tooling', 'visual design', 'teaching quality codebase', 'team chat']","['python', 'django', 'typescript', 'react native', 'electron']"
coreboot,"Fast, secure and flexible BIOS firmware","['hardware', 'drivers', 'firmware', 'boot loader', 'BIOS']","['c', 'assembly', 'arm', 'x86']"
FRRouting,"Routing suite including BGP, IS-IS, LDP, OSPF, PIM","['networking', 'software defined networking', 'linux', 'routing', 'systems']","['c', 'linux', 'networking', 'linux kernel', 'routing']"
Matrix.org,"Open, secure, decentralised communication","['interoperability', 'decentralisation', 'Secure Messaging']","['python', 'javascript', 'rust']"
Gentoo Foundation,Free visual coding apps for computational thinking,"['operating systems', 'security', 'embedded', 'init', 'package']","['c', 'python', 'shell', 'linux', 'bash']"
Synfig,Open-source 2D animation software,"['2d/3d graphics', 'animation', 'vector graphics']","['python', 'c++', 'gtk', 'gtkmm']"
Responsible AI and Human Centred Technology,Human-centered and responsible AI for all,"['machine learning', 'ai', 'Fairness', 'Robustness', 'Safety', 'Interpretibility']","['python', 'javascript', 'Technical writing']"
The ENIGMA Team,A free rapid game development environment.,"['graphics', 'game development', 'compiler', 'programming', 'game design']","['opengl', 'c++', 'qt5']"
SageMath,Open-source mathematics software system,"['mathematics', 'education', 'research']","['python', 'cython']"
Monado,"Monado, the free and open source XR platform","['vr', 'xr', 'AR']","['opengl', 'vulkan', 'openxr', 'Graphics', 'XR']"
Jenkins X,Accelerate Your Continuous Delivery on Kubernetes,"['cloud', 'CI/CD']","['golang', 'kubernetes', 'gitops']"
Liquid Galaxy project,We code immersive and interactive aps with G Earth,"['visualization', 'networking', 'maps', 'cluster', 'ux']","['python', 'linux', 'android', 'flutter', 'Google Earth']"
QEMU,Open source machine emulator and virtualizer,"['systems programming', 'kernel', 'compiler', 'emulator', 'hypervisor']","['c', 'python', 'linux', 'rust']"
PostgreSQL,The Most Advanced Open Source Relational Database,"['web', 'database', 'ui', 'sql', 'Benchmark']","['c', 'python', 'postgresql', 'javascript', 'sql']"
52°North Spatial Information Research GmbH,Innovative ideas & technologies in geoinformatics,"['citizen science', 'spatial information infrastructures', 'open standards', 'data analytics', 'Geoinformation']","['javascript', 'android', 'java', 'web services', 'ogc standards']"
Joplin,The open source note taking application,"['database', 'search', 'synchronisation', 'note-taking', 'office']","['javascript', 'react', 'typescript', 'electron', 'React-Native']"
RTEMS Project,A real-time operating system for Earth & Space,"['kernel', 'embedded', 'real-time', 'multicore', 'rtos']","['python', 'c/c++', 'assembly', 'posix']"
Semi Technologies,The ML-first vector search engine,"['machine learning', 'Vector Database', 'Search Engines']","['python', 'machine learning', 'golang', 'vectors', 'natural language processing']"
Software Heritage,The universal source code archive,"['big data', 'digital preservation', 'source code management', 'floss', 'big code']","['python', 'postgresql', 'javascript', 'django', 'git']"
LEAP Encryption Access Project,Privacy should not be a priviledge,"['privacy', 'vpn', 'Circumvention']","['java', 'golang', 'qt5', 'docker', 'ansible']"
OpenAstronomy,Look at the Universe with the power of open source,"['astronomy', 'solar physics', 'high energy astrophysics']","['python', 'javascript', 'julia', 'css']"
MZmine,Open-source software for mass spectrometry,"['visualization', 'mass spectrometry', 'biochemistry', 'feature detection', 'ion mobility']","['java', 'javafx']"
GNU Radio,The free & open software radio ecosystem,"['real-time', 'dsp', 'communications engineering', 'cybersecurity', 'Software-Defined Radio']","['python', 'c++', 'qt', 'simd']"
Electron,Cross-platform desktop apps with web technologies,"['desktop', 'framework', 'javascript']","['javascript', 'node.js', 'c++', 'typescript', 'Chromium']"
openSUSE Project,"openSUSE is the makers' choice for sysadmins, developers and desktop","['operating systems', 'software quality', 'developer tools', 'containers', 'edge']","['python', 'linux', 'rust', 'Testing', 'configuration management']"
mlpack,"a fast, flexible machine learning library","['machine learning', 'embedded', 'ai', 'deep learning', 'Neural networks']","['c++', 'C++ template metaprogramming']"
The Palisadoes Foundation,Transforming non-profit organizations in the cloud,"['web', 'api', 'database', 'cloud', 'mobile']","['mongodb', 'node.js', 'flutter', 'graphql', 'typescript']"
SymPy,SymPy is a Python library for symbolic mathematics,"['mathematics', 'physics', 'symbolic mathematics']","['python', 'numpy', 'jupyter']"
CHIPS Alliance,"Open source IP, tools & standards for ASIC/FPGA","['soc', 'IP cores', 'ASIC design', 'HDL', 'chiplets']","['fpga', 'chisel', 'risc-v', 'systemverilog', 'ASIC']"
Cuneiform Digital Library Initiative (CDLI),Curating humanity's oldest written sources,"['linguistics', 'History', 'culture']","['mysql', 'javascript', 'docker', 'php', 'SCSS']"
Public Lab,Tools for communities to measure pollution,"['science', 'environment', 'community', 'documentation', 'forum']","['javascript', 'ruby on rails']"
The ns-3 Network Simulator Project,ns-3 is a simulation tool for computer networks.,"['computer networking', 'network simulation']","['python', 'django', 'c++']"
Performance Co-Pilot,System performance analysis,"['metrics', 'visualization', 'distributed', 'performance', 'observability']","['c', 'grafana', 'redis', 'htop', 'sysstat']"
Learning Equality,Equity in education to transform lives,"['education', 'distributed databases', 'offline', 'learning']","['python', 'javascript', 'django', 'vue.js']"
FOSSology,Open Source License Compliance by OSS,"['automation', 'spdx', 'license compliance', 'nlp', 'compliance automation']","['python', 'postgresql', 'c/c++', 'php', 'reactjs']"
LibreOffice,LibreOffice is a free and open source office suite,"['office suite', 'desktop application', 'end user application']","['python', 'java', 'c++']"
Haskell.org,Purely functional programming language,"['compilers', 'programming languages', 'functional programming', 'programming tools']","['haskell', 'ghc']"
Organic Maps,"Offline maps app for tourists, cyclers & hikers","['privacy', 'maps', 'navigation', 'mobile', 'offline']","['android', 'java', 'c++', 'ios', 'OpenStreetMap']"
INCF,An open & FAIR neuroscience standards organization,"['machine learning', 'data visualization', 'neuroscience', 'brain modelling', 'neuroimage processing']","['python', 'javascript', 'java', 'c++', 'gpu']"
The Honeynet Project,Honeypots and Threat Intelligence R&D,"['honeypots', 'malware analysis', 'Threat Intelligence']","['python', 'javascript', 'django', 'go', 'docker']"
sktime,A unified framework for ML with time series,"['data science', 'ai', 'time series', 'toolbox frameworks']","['python', 'github', 'sphinx', 'scikit-learn']"
Ste||ar group,Shaping a Scalable Future,"['library', 'optimization', 'parallel algorithms', 'hpx', 'application']","['c++', 'hpc']"
MetaBrainz Foundation Inc,"Open music / book metadata, music recommendations","['open data', 'music', 'books', 'Music recommendation', 'music social network']","['python', 'react', 'perl', 'postgres', 'spark']"
ArduPilot,World's most advanced autonomous vehicle software,"['robotics', 'Drone', 'autonomous vehicle', 'UGV', 'unmanned vehicle']","['python', 'lua', 'c++', 'pixhawk']"
Mixxx,DJ Mixing App With Powerful Features For All DJs,"['music', 'dj', 'streaming']","['javascript', 'c++', 'qt']"
Center for Research in Open Source Software (CROSS),Amplifying Research Imapct through Open Source,"['hardware', 'data science', 'networking', 'data management', 'systems']","['python', 'c/c++', 'verilog', 'apache arrow', 'matlab/simulink']"
JdeRobot,Toolkit for developing Robotics applications,"['education', 'artificial intelligence', 'robotics', 'computer vision', 'developer tools']","['python', 'ros', 'gazebo', 'opencv', 'tensorflow']"
Xfce,Lightweight and flexible linux desktop environment,"['desktop', 'customization']","['c', 'gtk']"
ReactOS Foundation,Open your windows to freedom!,"['operating systems', 'kernel', 'drivers', 'windows', 'system programming']","['c', 'c++', 'win32', 'nt']"
Casbin,Authorization library that supports RBAC and ABAC,"['security', 'cloud', 'authorization', 'IAM', 'Authentication']","['javascript', 'java', 'go', 'OIDC', 'OAuth']"
GeomScale,The Global Open Source Foundation,"['mathematics', 'data science', 'computational biology', 'computational geometry', 'statistics']","['python', 'c++', 'r', 'jupyter', 'github-actions']"
VideoLAN,Open source believers rocking the multimedia world,"['audio', 'streaming', 'video', 'codecs', 'media database']","['c', 'c++', 'qt', 'assembly', 'video']"
The Linux Foundation,Non-profit consortium fostering growth of Linux,"['kernel', 'automotive', 'printing', 'iio', 'zephyr']","['c', 'linux', 'c++', 'cups', 'ipp']"
libvirt,Virtualization abstraction library,"['virtualization', 'library']","['kvm', 'hypervisor', 'qemu', 'lxc']"
Scala Center,Guide and support the Scala community,"['education', 'compilers', 'tooling']","['scala', 'scala.js', 'scala native']"
International Catrobat Association,Advancing Open Source & Open Science for Chemistry,"['education', 'visual programming', 'mobile programming', 'game engines', 'creativity tools']","['javascript', 'android', 'swift', 'kotlin', 'php']"
freifunk,Free and open wireless networks,"['embedded systems', 'open hardware', 'routing', 'wireless networks', 'federation']","['c', 'python', 'javascript', 'openwrt', 'gnu/linux']"
CircuitVerse.org,Build and learn logic circuits in the cloud!,"['education', 'web', 'simulation', 'pedagogy', 'digital logic design']","['javascript', 'rails', 'canvas']"
Center for Translational Data Science,Develop translational data science.,"['bioinformatics', 'data science', 'cloud', 'Data Meshes']","['python', 'aws']"
BRL-CAD,3D CAD & other computer-aided tech (CAx),"['geometry', '2d/3d graphics', 'ray tracing', 'high-performance computing', 'conversion standards']","['python', 'c/c++', 'opengl', 'opencl', 'scripting']"
moja global,Collaboration for change,"['climate monitoring', 'nature based solutions', 'land system modelling']","['python', 'javascript', 'c++', 'docker', 'Data-Science']"
LibreHealth,Healthcare for Humanity,"['web', 'deep learning', 'hfoss', 'radiology', 'mobile apps']","['python', 'javascript', 'android', 'java', 'dart/flutter']"
Our World In Data,Explaining the world's biggest problems with data,"['open data', 'data visualisation', 'Data cataloging']","['python', 'mysql', 'd3', 'typescript', 'pandas']"
Keptn,Event-driven orchestration of cloud-native apps,"['cloud', 'devops', 'sre', 'CloudNative', 'Operations']","['golang', 'kubernetes', 'angular', 'Helm']"
OpenMRS,"Write Code, Save Lives.","['platform', 'Electronic Medical Record System']","['mysql', 'javascript', 'java', 'fhir', 'Cypress']"
Open Genome Informatics,Open access genomics and bioinformatics projects,"['genomics', 'bioinformatics', 'cloud', 'biology', 'data discovery']","['python', 'mysql', 'react', 'r-project', 'graph']"
AOSSIE,Australian Umbrella Org for Open-Source Projects,"['machine learning', 'electronic voting', 'natural language processing', 'social science']","['python', 'javascript', 'machine learning', 'scala', 'Blockchain']"
CHAOSS,Community Health Analytics Open Source Software,"['Diversity Equity and Inclusion', 'open source software metrics', 'software sustainability', 'community building', 'security and software bill of materials']","['python', 'postgresql', 'javascript', 'machine learning', 'airflow']"
Neutralinojs,Lightweight cross-platform desktop app framework,"['desktop', 'framework', 'cross-platform', 'Application Development']","['c', 'javascript', 'node.js', 'c++', 'typescript']"
RADAR-base,Improve people's quality of life using patient generated data,"['web', 'mhealth', 'remote patient monitoring', 'micro-services', 'devices']","['java', 'kotlin', 'docker', 'angular', 'kafka']"
The NetBSD Foundation,Of course it runs NetBSD,"['kernel', 'packaging', 'userland', 'unix', 'bsd']","['c', 'shell script', 'make', 'unix', 'bsd']"
rocket.chat,Open source team chat and communications platform,"['communications', 'messaging', 'group chat', 'Team Collaboration', 'Chat platform']","['javascript', 'raspberry pi', 'typescript', 'node', 'meteorJS']"
"Department of Biomedical Informatics, Emory University",Biomedical research to advance healthcare,"['science and medicine', 'data integration', 'workflows', 'radiology', 'distributed system']","['python', 'javascript', 'java', 'workflows', 'dicom']"
TARDIS RT Collaboration,Exploring supernovae made easy,"['visualization', 'big data', 'simulation', 'astrophysics']","['python', 'numba', 'numpy', 'jupyter', 'pandas']"
OSGeo (Open Source Geospatial Foundation),The Open Source Geospatial Foundation,"['open science', 'gis', 'citizen science', 'geolocation', 'mapping']","['c', 'python', 'javascript', 'java', 'c++']"
MBDyn,Open Source Multibody Simulation,"['robotics', 'scientific computing', 'multibody dynamics', 'aeroelasticity', 'Structural engineering']","['python', 'c++']"
Drupal Association,The best open source digital experience platform,"['web', 'cloud', 'DXP', 'Massive community', 'Inclusive']","['mysql', 'javascript', 'html', 'php', 'symfony']"
Mathesar,Webapp providing a UX-first interface to databases,"['databases', 'web', 'data', 'nonprofit', 'self-hosted']","['python', 'postgresql', 'javascript', 'django', 'svelte']"
Ceph,The Future of Storage,"['distributed systems', 'Software-Defined-Storage']","['python', 'javascript', 'c++']"
Orcasound,Humans & AI listening together to save the whales.,"['web', 'audio', 'ai', 'acoustics', 'community science']","['python', 'javascript', 'raspberry pi', 'elixir', 'NextJs']"
LibreCube Initiative,The Universal Operating System,"['web', 'robotics', 'graphics', 'cloud', 'SDR']","['c', 'python', 'java', 'ruby', 'perl']"
Django Software Foundation,Web framework for perfectionists with deadlines,"['web', 'python']","['python', 'django']"
AnkiDroid,AnkiDroid makes remembering things easy,"['education', 'mobile', 'android', 'user generated content', 'Flashcards']","['android', 'java', 'rust', 'kotlin', 'mobile']"
cBioPortal for Cancer Genomics,Aid discovery in complex cancer genomics data,"['genomics', 'cancer', 'bioinformatics', 'big data', 'precision medicine']","['mysql', 'javascript', 'java', 'react', 'typescript']"
Plone Foundation,"Python-based CMS, with React front-end.","['web', 'cms']","['python', 'javascript', 'react']"
Oppia Foundation,"Free platform for interactive, tutor-like lessons","['education', 'web', 'community', 'nonprofit', 'social impact']","['python', 'android', 'google app engine', 'angular', 'typescript']"
Ruby,Ruby is an object-oriented programming language,"['security', 'web']","['ruby on rails', 'ruby', 'rubygems', 'bundler']"
CRIU,Chekpoint/Restore for Linux tasks and containers,"['cloud', 'containers', 'Checkpoint/Restore']","['c', 'python', 'linux', 'go']"
Python Software Foundation,A programming language used for science & more,"['security', 'database', 'science', 'design']","['python', 'javascript', 'sqlite']"
GNSS-SDR,An open source GNSS software-defined receiver,"['gnss', 'geolocation', 'navigation', 'software defined radio', 'communications']","['c', 'c++', 'sdr']"
AFLplusplus,State of the art fuzzing for better security,"['fuzzing', 'ci']","['llvm', 'rust', 'fuzzing', 'qemu']"
R project for statistical computing,R software for statistical computing & graphics,"['visualization', 'machine learning', 'data science', 'graphics', 'statistics']","['c', 'javascript', 'c++', 'r-project', 'fortran']"
Red Hen Lab,Research on Multimodal Communication,"['data science', 'media', 'language', 'multimodal communication', 'gesture']","['python', 'machine learning', 'computer vision', 'nlp', 'data science']"
syslog-ng,"Enhanced log daemon, w/ wide range of I/O methods","['cloud', 'data processing pipeline', 'reliable log transfer', 'logging', 'high-performance data processing']","['c', 'python', 'sql', 'elasticsearch', 'kafka']"
GNU Compiler Collection (GCC),GNU compilers,"['compilers', 'developer tools', 'toolchain', 'openmp', 'link time optimization']","['c/c++', 'gnu make', 'gnu autotools']"
Apache Software Foundation,Open source software to the public free of charge,"['big data', 'cloud', 'libraries', 'other']","['c', 'java', 'c++']"
Society for Arts and Technology (SAT),Create teleimmersive multisensorial experiences.,"['web', 'graphics', 'cloud', 'multimedia', 'accessibility']","['python', 'javascript', 'opengl', 'c++', 'supercollider']"
CNCF,Building sustainable ecosystems for cloud native,"['cloud', 'cloud native', 'observability']","['prometheus', 'kubernetes', 'OpenTelemetry', 'envoy']"
Genome Assembly and Annotation,Providing freely accessible genomic data,"['machine learning', 'genomics', 'big data', 'cloud', 'hpc']","['python', 'mysql', 'docker', 'pytorch', 'nextflow']"
Open Robotics,Development of open source robotics,"['robotics', 'simulation']","['ros', 'gazebo', 'ignition', 'Open-RMF']"
PEcAn Project,Develop and promote tools for ecosystem modeling,"['data science', 'ecosystem models', 'scientific visualization', 'climate science', 'Ecological Forecasting,']","['r', 'docker', 'api', 'geospatial']"
Purr Data,Realtime Audio/Visual Programming Environment,"['web', 'graphics', 'audio', 'realtime']","['c', 'javascript', 'html5', 'Emscripten']"
Gentoo Foundation,"A flexible, source-based Linux distribution.","['operating systems', 'security', 'embedded', 'init', 'package']","['c', 'python', 'shell', 'linux', 'bash']"
